timestamp,temp_air,humidity,pressure,wind_speed_avg,wind_dir_avg
2025-07-29 19:45,25.3,68.2,0.923,1.5,270
2025-07-29 23:53:43,16,345,42,1.8,1.2,2.4,22.7,23.1,75.2,925.0,0.0,0.0,0.0,20.8,12.2
2025-07-29 23:53:44,16,345,42,1.8,1.2,2.4,22.7,23.1,75.2,925.0,0.0,0.0,0.0,20.8,12.2
2025-07-29 23:54:23,11,294,76,1.3,0.4,2.2,22.7,23.0,75.4,925.1,0.0,0.0,0.0,21.0,12.3
2025-07-29 23:54:24,11,294,76,1.3,0.4,2.2,22.7,23.0,75.4,925.1,0.0,0.0,0.0,21.0,12.3
2025-07-29 23:55:23,27,318,75,1.3,0.1,2.7,22.6,23.0,75.4,925.1,0.0,0.0,0.0,21.0,12.3
2025-07-29 23:55:24,27,318,75,1.3,0.1,2.7,22.6,23.0,75.4,925.1,0.0,0.0,0.0,21.0,12.3
2025-07-29 23:56:23,27,318,75,1.3,0.1,2.7,22.6,23.0,75.4,925.1,0.0,0.0,0.0,21.1,12.3
2025-07-29 23:56:24,27,318,75,1.3,0.1,2.7,22.6,23.0,75.4,925.1,0.0,0.0,0.0,21.1,12.3
2025-07-30 00:04:57,21,342,41,1.4,0.8,2.0,22.6,23.0,75.4,924.9000000000001,0.0,0.0,0.0,20.8,12.3
2025-07-30 00:04:58,21,342,41,1.4,0.8,2.0,22.6,23.0,75.4,924.9000000000001,0.0,0.0,0.0,20.8,12.3
2025-07-30 01:06:59,303,287,331,1.5,1.1,1.9,21.4,21.8,80.0,924.6999999999999,0.0,0.0,0.0,19.6,12.2
2025-07-30 01:06:59,303,287,331,1.5,1.1,1.9,21.4,21.8,80.0,924.6999999999999,0.0,0.0,0.0,19.6,12.2
2025-07-30 01:15:58,345,306,25,1.4,0.9,2.1,21.1,21.5,80.6,924.6,0.0,0.0,0.0,19.1,12.2
2025-07-30 01:15:58,345,306,25,1.4,0.9,2.1,21.1,21.5,80.6,924.6,0.0,0.0,0.0,19.1,12.2
2025-07-31 18:36:15,331,287,24,1.4,0.2,2.2,24.8,25.2,68.0,923.4,0.0,0.0,0.0,23.4,12.2
2025-07-31 18:36:16,331,287,24,1.4,0.2,2.2,24.8,25.2,68.0,923.4,0.0,0.0,0.0,23.4,12.2
2025-07-31 18:36:20,331,287,24,1.4,0.2,2.2,24.9,25.2,68.6,923.4,0.0,0.0,0.0,23.2,12.2
2025-07-31 18:36:21,331,287,24,1.4,0.2,2.2,24.9,25.2,68.6,923.4,0.0,0.0,0.0,23.2,12.2
2025-07-31 18:37:04,331,287,24,1.4,0.2,2.2,24.9,25.2,68.6,923.4,0.0,0.0,0.0,23.2,12.2
2025-07-31 18:37:04,331,287,24,1.4,0.2,2.2,24.9,25.2,68.6,923.4,0.0,0.0,0.0,23.2,12.2
2025-07-31 18:37:19,331,287,24,1.4,0.2,2.2,24.9,25.2,69.0,923.4,0.0,0.0,0.0,23.4,12.2
2025-07-31 18:37:19,331,287,24,1.4,0.2,2.2,24.9,25.2,69.0,923.4,0.0,0.0,0.0,23.4,12.2
2025-07-31 18:38:16,331,287,24,1.4,0.2,2.2,24.9,25.2,69.0,923.4,0.0,0.0,0.0,23.4,12.2
2025-07-31 18:38:17,331,287,24,1.4,0.2,2.2,24.9,25.2,69.0,923.4,0.0,0.0,0.0,23.4,12.2
2025-07-31 18:38:21,331,287,24,1.4,0.2,2.2,24.9,25.2,71.0,923.5,0.0,0.0,0.0,23.2,12.2
2025-07-31 18:38:22,331,287,24,1.4,0.2,2.2,24.9,25.2,71.0,923.5,0.0,0.0,0.0,23.2,12.2
2025-08-01 09:23:45,324,296,352,1.6,1.0,2.3,24.9,27.3,60.0,925.0,0.0,0.0,0.0,28.8,12.2
2025-08-01 09:23:46,324,296,352,1.6,1.0,2.3,24.9,27.3,60.0,925.0,0.0,0.0,0.0,28.8,12.2
2025-08-01 09:24:20,324,296,352,1.6,1.0,2.3,24.9,27.2,61.7,925.0,0.0,0.0,0.0,28.7,12.2
2025-08-01 09:24:21,324,296,352,1.6,1.0,2.3,24.9,27.2,61.7,925.0,0.0,0.0,0.0,28.7,12.2
2025-08-01 09:25:20,324,296,352,1.6,1.0,2.3,25.0,27.3,61.1,925.0,0.0,0.0,0.0,28.7,12.2
2025-08-01 09:25:22,324,296,352,1.6,1.0,2.3,25.0,27.3,61.1,925.0,0.0,0.0,0.0,28.7,12.2
2025-08-01 09:26:20,324,296,352,1.6,1.0,2.3,25.1,27.3,60.3,925.1,0.0,0.0,0.0,29.0,12.2
2025-08-01 09:26:22,324,296,352,1.6,1.0,2.3,25.1,27.3,60.3,925.1,0.0,0.0,0.0,29.0,12.2
2025-08-01 09:27:20,324,296,352,1.6,1.0,2.3,25.1,27.3,60.8,925.0,0.0,0.0,0.0,29.0,12.2
2025-08-01 09:27:22,324,296,352,1.6,1.0,2.3,25.1,27.3,60.8,925.0,0.0,0.0,0.0,29.0,12.2
2025-08-01 09:28:20,324,296,352,1.6,1.0,2.3,25.2,27.4,61.1,925.0,0.0,0.0,0.0,29.2,12.2
2025-08-01 09:28:22,324,296,352,1.6,1.0,2.3,25.2,27.4,61.1,925.0,0.0,0.0,0.0,29.2,12.2
2025-08-01 09:29:20,324,296,352,1.6,1.0,2.3,25.3,27.5,60.2,925.0,0.0,0.0,0.0,29.2,12.2
2025-08-01 09:29:22,324,296,352,1.6,1.0,2.3,25.3,27.5,60.2,925.0,0.0,0.0,0.0,29.2,12.2
2025-08-01 09:30:20,324,296,352,1.6,1.0,2.3,25.3,27.5,59.3,925.0,0.0,0.0,0.0,29.7,12.2
2025-08-01 09:30:22,324,296,352,1.6,1.0,2.3,25.3,27.5,59.3,925.0,0.0,0.0,0.0,29.7,12.2
2025-08-01 09:31:20,324,296,352,1.6,1.0,2.3,25.4,27.6,59.1,925.0,0.0,0.0,0.0,29.5,12.2
2025-08-01 09:31:22,324,296,352,1.6,1.0,2.3,25.4,27.6,59.1,925.0,0.0,0.0,0.0,29.5,12.2
2025-08-01 09:32:20,324,296,352,1.6,1.0,2.3,25.5,27.7,59.4,925.0,0.0,0.0,0.0,29.7,12.3
2025-08-01 09:32:22,324,296,352,1.6,1.0,2.3,25.5,27.7,59.4,925.0,0.0,0.0,0.0,29.7,12.3
2025-08-01 09:33:20,324,296,352,1.6,1.0,2.3,25.6,27.8,58.2,925.0,0.0,0.0,0.0,29.7,12.2
2025-08-01 09:33:22,324,296,352,1.6,1.0,2.3,25.6,27.8,58.2,925.0,0.0,0.0,0.0,29.7,12.2
2025-08-01 09:34:20,324,296,352,1.6,1.0,2.3,25.6,27.9,58.2,925.0,0.0,0.0,0.0,29.7,12.2
2025-08-01 09:34:22,324,296,352,1.6,1.0,2.3,25.6,27.9,58.2,925.0,0.0,0.0,0.0,29.7,12.2
2025-08-01 09:35:20,324,296,352,1.6,1.0,2.3,25.6,27.9,57.3,925.0,0.0,0.0,0.0,29.7,12.2
2025-08-01 09:35:22,324,296,352,1.6,1.0,2.3,25.6,27.9,57.3,925.0,0.0,0.0,0.0,29.7,12.2
2025-08-01 09:36:20,324,296,352,1.6,1.0,2.3,25.4,27.9,57.9,925.0,0.0,0.0,0.0,29.9,12.3
2025-08-01 09:36:22,324,296,352,1.6,1.0,2.3,25.4,27.9,57.9,925.0,0.0,0.0,0.0,29.9,12.3
2025-08-01 09:37:20,324,296,352,1.6,1.0,2.3,25.4,27.9,59.3,925.0,0.0,0.0,0.0,29.9,12.3
2025-08-01 09:37:22,324,296,352,1.6,1.0,2.3,25.4,27.9,59.3,925.0,0.0,0.0,0.0,29.9,12.3
2025-08-01 09:38:20,324,296,352,1.6,1.0,2.3,25.5,27.9,59.5,924.9000000000001,0.0,0.0,0.0,29.7,12.3
2025-08-01 09:38:22,324,296,352,1.6,1.0,2.3,25.5,27.9,59.5,924.9000000000001,0.0,0.0,0.0,29.7,12.3
2025-08-01 09:39:20,324,296,352,1.6,1.0,2.3,25.5,28.0,58.8,924.9000000000001,0.0,0.0,0.0,29.9,12.3
2025-08-01 09:39:22,324,296,352,1.6,1.0,2.3,25.5,28.0,58.8,924.9000000000001,0.0,0.0,0.0,29.9,12.3
2025-08-01 09:40:20,324,296,352,1.6,1.0,2.3,25.6,28.0,57.9,924.9000000000001,0.0,0.0,0.0,29.9,12.2
2025-08-01 09:40:22,324,296,352,1.6,1.0,2.3,25.6,28.0,57.9,924.9000000000001,0.0,0.0,0.0,29.9,12.2
2025-08-01 09:41:20,324,296,352,1.6,1.0,2.3,25.6,28.0,57.6,924.9000000000001,0.0,0.0,0.0,29.9,12.3
2025-08-01 09:41:22,324,296,352,1.6,1.0,2.3,25.6,28.0,57.6,924.9000000000001,0.0,0.0,0.0,29.9,12.3
2025-08-01 09:42:20,324,296,352,1.6,1.0,2.3,25.5,28.0,58.2,924.9000000000001,0.0,0.0,0.0,29.7,12.3
2025-08-01 09:42:22,324,296,352,1.6,1.0,2.3,25.5,28.0,58.2,924.9000000000001,0.0,0.0,0.0,29.7,12.3
2025-08-01 09:43:20,324,296,352,1.6,1.0,2.3,25.6,28.0,56.6,924.9000000000001,0.0,0.0,0.0,29.7,12.3
2025-08-01 09:43:23,324,296,352,1.6,1.0,2.3,25.6,28.0,56.6,924.9000000000001,0.0,0.0,0.0,29.7,12.3
2025-08-01 09:44:20,324,296,352,1.6,1.0,2.3,25.5,28.0,57.4,924.9000000000001,0.0,0.0,0.0,29.9,12.2
2025-08-01 09:44:23,324,296,352,1.6,1.0,2.3,25.5,28.0,57.4,924.9000000000001,0.0,0.0,0.0,29.9,12.2
2025-08-01 09:45:20,324,296,352,1.6,1.0,2.3,25.5,28.0,57.9,924.9000000000001,0.0,0.0,0.0,29.7,12.3
2025-08-01 09:45:23,324,296,352,1.6,1.0,2.3,25.5,28.0,57.9,924.9000000000001,0.0,0.0,0.0,29.7,12.3
2025-08-01 09:46:20,324,296,352,1.6,1.0,2.3,25.6,28.0,57.8,924.9000000000001,0.0,0.0,0.0,29.7,12.3
2025-08-01 09:46:23,324,296,352,1.6,1.0,2.3,25.6,28.0,57.8,924.9000000000001,0.0,0.0,0.0,29.7,12.3
2025-08-01 09:47:21,324,296,352,1.6,1.0,2.3,25.7,28.1,57.8,924.9000000000001,0.0,0.0,0.0,29.7,12.3
2025-08-01 09:47:23,324,296,352,1.6,1.0,2.3,25.7,28.1,57.8,924.9000000000001,0.0,0.0,0.0,29.7,12.3
2025-08-01 09:48:21,324,296,352,1.6,1.0,2.3,25.9,28.2,56.6,924.9000000000001,0.0,0.0,0.0,30.0,12.3
2025-08-01 09:48:23,324,296,352,1.6,1.0,2.3,25.9,28.2,56.6,924.9000000000001,0.0,0.0,0.0,30.0,12.3
2025-08-01 09:49:21,324,296,352,1.6,1.0,2.3,26.1,28.3,57.3,924.9000000000001,0.0,0.0,0.0,30.2,12.3
2025-08-01 09:49:23,324,296,352,1.6,1.0,2.3,26.1,28.3,57.3,924.9000000000001,0.0,0.0,0.0,30.2,12.3
2025-08-01 10:09:49,324,296,352,1.6,1.0,2.3,26.8,29.6,56.3,924.6999999999999,0.0,0.0,0.0,32.1,12.2
2025-08-01 10:09:50,324,296,352,1.6,1.0,2.3,26.8,29.6,56.3,924.6999999999999,0.0,0.0,0.0,32.1,12.2
2025-08-01 10:10:18,324,296,352,1.6,1.0,2.3,26.7,29.6,56.6,924.6999999999999,0.0,0.0,0.0,32.1,12.2
2025-08-01 10:10:20,324,296,352,1.6,1.0,2.3,26.7,29.6,56.6,924.6999999999999,0.0,0.0,0.0,32.1,12.2
2025-08-01 10:11:18,324,296,352,1.6,1.0,2.3,26.8,29.6,55.9,924.6999999999999,0.0,0.0,0.0,32.3,12.1
2025-08-01 10:11:20,324,296,352,1.6,1.0,2.3,26.8,29.6,55.9,924.6999999999999,0.0,0.0,0.0,32.3,12.1
2025-08-01 10:12:19,324,296,352,1.6,1.0,2.3,26.9,29.7,55.5,924.6999999999999,0.0,0.0,0.0,32.3,12.2
2025-08-01 10:12:20,324,296,352,1.6,1.0,2.3,26.9,29.7,55.5,924.6999999999999,0.0,0.0,0.0,32.3,12.2
2025-08-01 10:13:19,324,296,352,1.6,1.0,2.3,27.0,29.8,55.0,924.6999999999999,0.0,0.0,0.0,32.4,12.2
2025-08-01 10:13:20,324,296,352,1.6,1.0,2.3,27.0,29.8,55.0,924.6999999999999,0.0,0.0,0.0,32.4,12.2
2025-08-01 10:14:19,324,296,352,1.6,1.0,2.3,27.0,29.9,53.2,924.6999999999999,0.0,0.0,0.0,32.4,12.2
2025-08-01 10:14:20,324,296,352,1.6,1.0,2.3,27.0,29.9,53.2,924.6999999999999,0.0,0.0,0.0,32.4,12.2
2025-08-01 10:15:19,324,296,352,1.6,1.0,2.3,27.0,29.9,53.4,924.6999999999999,0.0,0.0,0.0,32.6,12.2
2025-08-01 10:15:20,324,296,352,1.6,1.0,2.3,27.0,29.9,53.4,924.6999999999999,0.0,0.0,0.0,32.6,12.2
2025-08-01 10:16:19,324,296,352,1.6,1.0,2.3,27.0,30.0,53.9,924.6999999999999,0.0,0.0,0.0,32.4,12.1
2025-08-01 10:16:20,324,296,352,1.6,1.0,2.3,27.0,30.0,53.9,924.6999999999999,0.0,0.0,0.0,32.4,12.1
2025-08-01 10:17:19,324,296,352,1.6,1.0,2.3,27.0,30.1,53.6,924.6999999999999,0.0,0.0,0.0,32.8,12.2
2025-08-01 10:17:20,324,296,352,1.6,1.0,2.3,27.0,30.1,53.6,924.6999999999999,0.0,0.0,0.0,32.8,12.2
2025-08-01 10:18:19,324,296,352,1.6,1.0,2.3,27.1,30.1,54.3,924.6999999999999,0.0,0.0,0.0,32.6,12.2
2025-08-01 10:18:20,324,296,352,1.6,1.0,2.3,27.1,30.1,54.3,924.6999999999999,0.0,0.0,0.0,32.6,12.2
2025-08-01 10:19:19,324,296,352,1.6,1.0,2.3,27.0,30.1,54.2,924.6999999999999,0.0,0.0,0.0,32.8,12.2
2025-08-01 10:19:20,324,296,352,1.6,1.0,2.3,27.0,30.1,54.2,924.6999999999999,0.0,0.0,0.0,32.8,12.2
2025-08-01 10:20:19,324,296,352,1.6,1.0,2.3,26.9,30.1,54.9,924.6,0.0,0.0,0.0,32.6,12.2
2025-08-01 10:20:20,324,296,352,1.6,1.0,2.3,26.9,30.1,54.9,924.6,0.0,0.0,0.0,32.6,12.2
2025-08-01 10:21:19,324,296,352,1.6,1.0,2.3,26.8,30.0,56.2,924.6,0.0,0.0,0.0,32.4,12.2
2025-08-01 10:21:20,324,296,352,1.6,1.0,2.3,26.8,30.0,56.2,924.6,0.0,0.0,0.0,32.4,12.2
2025-08-01 10:22:19,324,296,352,1.6,1.0,2.3,26.8,29.9,55.0,924.6,0.0,0.0,0.0,32.4,12.2
2025-08-01 10:22:20,324,296,352,1.6,1.0,2.3,26.8,29.9,55.0,924.6,0.0,0.0,0.0,32.4,12.2
2025-08-01 10:23:19,324,296,352,1.6,1.0,2.3,26.7,29.8,55.5,924.6,0.0,0.0,0.0,31.9,12.2
2025-08-01 10:23:21,324,296,352,1.6,1.0,2.3,26.7,29.8,55.5,924.6,0.0,0.0,0.0,31.9,12.2
2025-08-01 10:24:19,324,296,352,1.6,1.0,2.3,26.8,29.8,55.7,924.6,0.0,0.0,0.0,31.9,12.2
2025-08-01 10:24:21,324,296,352,1.6,1.0,2.3,26.8,29.8,55.7,924.6,0.0,0.0,0.0,31.9,12.2
2025-08-01 10:25:19,324,296,352,1.6,1.0,2.3,26.9,29.8,55.1,924.6,0.0,0.0,0.0,31.9,12.3
2025-08-01 10:25:21,324,296,352,1.6,1.0,2.3,26.9,29.8,55.1,924.6,0.0,0.0,0.0,31.9,12.3
2025-08-01 10:26:19,324,296,352,1.6,1.0,2.3,27.0,29.8,54.6,924.5,0.0,0.0,0.0,31.9,12.2
2025-08-01 10:26:21,324,296,352,1.6,1.0,2.3,27.0,29.8,54.6,924.5,0.0,0.0,0.0,31.9,12.2
2025-08-01 10:27:20,324,296,352,1.6,1.0,2.3,27.1,29.8,52.0,924.5,0.0,0.0,0.0,31.9,12.2
2025-08-01 10:27:21,324,296,352,1.6,1.0,2.3,27.1,29.8,52.0,924.5,0.0,0.0,0.0,31.9,12.2
2025-08-01 10:28:20,324,296,352,1.6,1.0,2.3,27.1,29.8,53.4,924.5,0.0,0.0,0.0,31.9,12.2
2025-08-01 10:28:21,324,296,352,1.6,1.0,2.3,27.1,29.8,53.4,924.5,0.0,0.0,0.0,31.9,12.2
2025-08-01 10:29:20,324,296,352,1.6,1.0,2.3,27.1,29.9,53.0,924.5,0.0,0.0,0.0,31.9,12.2
2025-08-01 10:29:21,324,296,352,1.6,1.0,2.3,27.1,29.9,53.0,924.5,0.0,0.0,0.0,31.9,12.2
2025-08-01 10:30:20,324,296,352,1.6,1.0,2.3,27.1,29.9,52.8,924.5,0.0,0.0,0.0,32.3,12.2
2025-08-01 10:30:21,324,296,352,1.6,1.0,2.3,27.1,29.9,52.8,924.5,0.0,0.0,0.0,32.3,12.2
2025-08-01 10:31:20,324,296,352,1.6,1.0,2.3,27.2,29.9,52.8,924.4,0.0,0.0,0.0,32.3,12.2
2025-08-01 10:31:21,324,296,352,1.6,1.0,2.3,27.2,29.9,52.8,924.4,0.0,0.0,0.0,32.3,12.2
2025-08-01 10:32:20,324,296,352,1.6,1.0,2.3,27.2,30.0,52.6,924.4,0.0,0.0,0.0,32.3,12.2
2025-08-01 10:32:21,324,296,352,1.6,1.0,2.3,27.2,30.0,52.6,924.4,0.0,0.0,0.0,32.3,12.2
2025-08-01 10:33:20,324,296,352,1.6,1.0,2.3,27.3,30.0,52.5,924.4,0.0,0.0,0.0,32.4,12.3
2025-08-01 10:33:21,324,296,352,1.6,1.0,2.3,27.3,30.0,52.5,924.4,0.0,0.0,0.0,32.4,12.3
2025-08-01 10:34:20,324,296,352,1.6,1.0,2.3,27.3,30.0,52.8,924.4,0.0,0.0,0.0,32.3,12.2
2025-08-01 10:34:21,324,296,352,1.6,1.0,2.3,27.3,30.0,52.8,924.4,0.0,0.0,0.0,32.3,12.2
2025-08-01 10:35:20,324,296,352,1.6,1.0,2.3,27.3,30.0,53.2,924.3,0.0,0.0,0.0,32.4,12.2
2025-08-01 10:35:21,324,296,352,1.6,1.0,2.3,27.3,30.0,53.2,924.3,0.0,0.0,0.0,32.4,12.2
2025-08-01 10:36:20,324,296,352,1.6,1.0,2.3,27.3,30.0,53.9,924.3,0.0,0.0,0.0,32.3,12.2
2025-08-01 10:36:21,324,296,352,1.6,1.0,2.3,27.3,30.0,53.9,924.3,0.0,0.0,0.0,32.3,12.2
2025-08-01 10:37:17,324,296,352,1.6,1.0,2.3,27.3,30.0,53.9,924.3,0.0,0.0,0.0,32.3,12.2
2025-08-01 10:37:18,324,296,352,1.6,1.0,2.3,27.3,30.0,53.9,924.3,0.0,0.0,0.0,32.3,12.2
2025-08-01 10:37:22,324,296,352,1.6,1.0,2.3,27.4,30.0,53.2,924.3,0.0,0.0,0.0,32.4,12.2
2025-08-01 10:37:23,324,296,352,1.6,1.0,2.3,27.4,30.0,53.2,924.3,0.0,0.0,0.0,32.4,12.2
2025-08-01 10:38:18,324,296,352,1.6,1.0,2.3,27.4,30.0,52.9,924.3,0.0,0.0,0.0,32.8,12.2
2025-08-01 10:38:22,324,296,352,1.6,1.0,2.3,27.4,30.0,52.9,924.3,0.0,0.0,0.0,32.8,12.2
2025-08-01 10:39:18,324,296,352,1.6,1.0,2.3,27.5,30.1,53.4,924.3,0.0,0.0,0.0,32.6,12.2
2025-08-01 10:39:22,324,296,352,1.6,1.0,2.3,27.5,30.1,53.4,924.3,0.0,0.0,0.0,32.6,12.2
2025-08-01 10:40:18,324,296,352,1.6,1.0,2.3,27.6,30.2,53.4,924.3,0.0,0.0,0.0,32.6,12.2
2025-08-01 10:40:22,324,296,352,1.6,1.0,2.3,27.6,30.2,53.4,924.3,0.0,0.0,0.0,32.6,12.2
2025-08-01 10:41:18,324,296,352,1.6,1.0,2.3,27.7,30.3,52.0,924.3,0.0,0.0,0.0,32.8,12.2
2025-08-01 10:41:22,324,296,352,1.6,1.0,2.3,27.7,30.3,52.0,924.3,0.0,0.0,0.0,32.8,12.2
2025-08-01 10:42:19,324,296,352,1.6,1.0,2.3,27.7,30.3,52.6,924.3,0.0,0.0,0.0,32.9,12.2
2025-08-01 10:42:22,324,296,352,1.6,1.0,2.3,27.7,30.3,52.6,924.3,0.0,0.0,0.0,32.9,12.2
2025-08-01 10:43:19,324,296,352,1.6,1.0,2.3,27.7,30.4,51.2,924.3,0.0,0.0,0.0,33.1,12.2
2025-08-01 10:43:22,324,296,352,1.6,1.0,2.3,27.7,30.4,51.2,924.3,0.0,0.0,0.0,33.1,12.2
2025-08-01 10:44:19,324,296,352,1.6,1.0,2.3,27.8,30.5,51.2,924.2,0.0,0.0,0.0,33.3,12.2
2025-08-01 10:44:23,324,296,352,1.6,1.0,2.3,27.8,30.5,51.2,924.2,0.0,0.0,0.0,33.3,12.2
2025-08-01 10:45:19,324,296,352,1.6,1.0,2.3,27.8,30.6,51.8,924.2,0.0,0.0,0.0,33.3,12.2
2025-08-01 10:45:23,324,296,352,1.6,1.0,2.3,27.8,30.6,51.8,924.2,0.0,0.0,0.0,33.3,12.2
2025-08-01 10:46:19,324,296,352,1.6,1.0,2.3,27.8,30.7,51.4,924.2,0.0,0.0,0.0,33.5,12.2
2025-08-01 10:46:23,324,296,352,1.6,1.0,2.3,27.8,30.7,51.4,924.2,0.0,0.0,0.0,33.5,12.2
2025-08-01 10:47:20,324,296,352,1.6,1.0,2.3,28.0,30.8,51.4,924.2,0.0,0.0,0.0,33.8,12.2
2025-08-01 10:47:23,324,296,352,1.6,1.0,2.3,28.0,30.8,51.4,924.2,0.0,0.0,0.0,33.8,12.2
2025-08-01 10:48:20,324,296,352,1.6,1.0,2.3,28.0,30.9,52.0,924.2,0.0,0.0,0.0,34.0,12.2
2025-08-01 10:48:23,324,296,352,1.6,1.0,2.3,28.0,30.9,52.0,924.2,0.0,0.0,0.0,34.0,12.2
2025-08-01 10:49:20,324,296,352,1.6,1.0,2.3,28.0,31.0,51.7,924.2,0.0,0.0,0.0,34.1,12.2
2025-08-01 10:49:23,324,296,352,1.6,1.0,2.3,28.0,31.0,51.7,924.2,0.0,0.0,0.0,34.1,12.2
2025-08-01 10:50:20,324,296,352,1.6,1.0,2.3,27.9,31.0,51.3,924.2,0.0,0.0,0.0,34.0,12.2
2025-08-01 10:50:23,324,296,352,1.6,1.0,2.3,27.9,31.0,51.3,924.2,0.0,0.0,0.0,34.0,12.2
2025-08-01 10:51:20,324,296,352,1.6,1.0,2.3,27.8,31.0,51.1,924.1,0.0,0.0,0.0,34.0,12.2
2025-08-01 10:51:23,324,296,352,1.6,1.0,2.3,27.8,31.0,51.1,924.1,0.0,0.0,0.0,34.0,12.2
2025-08-01 10:52:18,324,296,352,1.6,1.0,2.3,27.7,31.0,52.3,924.1,0.0,0.0,0.0,34.0,12.2
2025-08-01 10:52:20,324,296,352,1.6,1.0,2.3,27.7,31.0,52.3,924.1,0.0,0.0,0.0,34.0,12.2
2025-08-01 10:53:18,324,296,352,1.6,1.0,2.3,27.6,30.9,54.5,924.1,0.0,0.0,0.0,33.8,12.2
2025-08-01 10:53:20,324,296,352,1.6,1.0,2.3,27.6,30.9,54.5,924.1,0.0,0.0,0.0,33.8,12.2
2025-08-01 10:54:18,324,296,352,1.6,1.0,2.3,27.5,30.9,54.3,924.1,0.0,0.0,0.0,33.6,12.2
2025-08-01 10:54:20,324,296,352,1.6,1.0,2.3,27.5,30.9,54.3,924.1,0.0,0.0,0.0,33.6,12.2
2025-08-11 11:35:56,15,247,218,0.8,0.1,1.5,24.6,26.0,70.6,923.6,0.01,10.0,1.6,25.1,12.2
2025-08-11 11:35:57,15,247,218,0.8,0.1,1.5,24.6,26.0,70.6,923.6,0.01,10.0,1.6,25.1,12.2
2025-08-11 11:38:57,15,247,218,0.8,0.1,1.5,24.6,26.0,70.6,923.6,0.01,10.0,1.6,25.1,12.2
2025-08-11 11:39:01,15,247,218,0.8,0.1,1.5,24.6,26.0,70.6,923.6,0.01,10.0,1.6,25.1,12.2
2025-08-11 11:41:57,15,247,218,0.8,0.1,1.5,24.6,26.0,70.6,923.6,0.01,10.0,1.6,25.1,12.2
2025-08-11 11:42:01,15,247,218,0.8,0.1,1.5,24.6,26.0,70.6,923.6,0.01,10.0,1.6,25.1,12.2
2025-08-11 11:44:57,15,247,218,0.8,0.1,1.5,24.6,26.0,70.6,923.6,0.01,10.0,1.6,25.1,12.2
2025-08-11 11:45:01,15,247,218,0.8,0.1,1.5,24.6,26.0,70.6,923.6,0.01,10.0,1.6,25.1,12.2
2025-08-11 11:48:01,15,247,218,0.8,0.1,1.5,24.6,26.0,70.6,923.6,0.01,10.0,1.6,25.1,12.2
2025-08-11 11:48:02,15,247,218,0.8,0.1,1.5,24.6,26.0,70.6,923.6,0.01,10.0,1.6,25.1,12.2
2025-08-11 11:49:11,115,78,229,0.3,0.1,0.9,27.2,29.1,50.5,924.3,0.0,0.0,0.0,29.3,12.2
2025-08-11 11:49:12,115,78,229,0.3,0.1,0.9,27.2,29.1,50.5,924.3,0.0,0.0,0.0,29.3,12.2
2025-08-11 11:50:11,115,78,229,0.3,0.1,0.9,27.3,29.1,50.4,924.3,0.0,0.0,0.0,29.3,12.2
2025-08-11 11:50:12,115,78,229,0.3,0.1,0.9,27.3,29.1,50.4,924.3,0.0,0.0,0.0,29.3,12.2
2025-08-11 11:51:11,115,78,229,0.3,0.1,0.9,27.3,29.1,50.7,924.3,0.0,0.0,0.0,29.7,12.2
2025-08-11 11:51:12,115,78,229,0.3,0.1,0.9,27.3,29.1,50.7,924.3,0.0,0.0,0.0,29.7,12.2
2025-08-11 11:52:11,115,78,229,0.3,0.1,0.9,27.4,29.1,51.2,924.3,0.0,0.0,0.0,29.3,12.2
2025-08-11 11:52:12,115,78,229,0.3,0.1,0.9,27.4,29.1,51.2,924.3,0.0,0.0,0.0,29.3,12.2
2025-08-11 11:53:11,115,78,229,0.3,0.1,0.9,27.5,29.1,50.7,924.3,0.0,0.0,0.0,29.7,12.2
2025-08-11 11:53:12,115,78,229,0.3,0.1,0.9,27.5,29.1,50.7,924.3,0.0,0.0,0.0,29.7,12.2
2025-08-11 11:54:11,115,78,229,0.3,0.1,0.9,27.5,29.2,50.6,924.3,0.0,0.0,0.0,29.3,12.2
2025-08-11 11:54:12,115,78,229,0.3,0.1,0.9,27.5,29.2,50.6,924.3,0.0,0.0,0.0,29.3,12.2
2025-08-11 11:56:11,115,78,229,0.3,0.1,0.9,27.5,29.2,54.1,924.2,0.0,0.0,0.0,29.7,12.2
2025-08-11 11:56:12,115,78,229,0.3,0.1,0.9,27.5,29.2,54.1,924.2,0.0,0.0,0.0,29.7,12.2
2025-08-11 11:57:11,115,78,229,0.3,0.1,0.9,27.4,29.2,53.6,924.2,0.0,0.0,0.0,29.3,12.2
2025-08-11 11:57:12,115,78,229,0.3,0.1,0.9,27.4,29.2,53.6,924.2,0.0,0.0,0.0,29.3,12.2
2025-08-11 11:58:11,115,78,229,0.3,0.1,0.9,27.4,29.1,54.3,924.2,0.0,0.0,0.0,29.2,12.2
2025-08-11 11:58:12,115,78,229,0.3,0.1,0.9,27.4,29.1,54.3,924.2,0.0,0.0,0.0,29.2,12.2
2025-08-11 11:59:11,115,78,229,0.3,0.1,0.9,27.3,29.0,56.1,924.1,0.0,0.0,0.0,29.0,12.2
2025-08-11 11:59:12,115,78,229,0.3,0.1,0.9,27.3,29.0,56.1,924.1,0.0,0.0,0.0,29.0,12.2
2025-08-11 12:00:11,115,78,229,0.3,0.1,0.9,27.2,28.9,56.9,924.1,0.0,0.0,0.0,28.8,12.2
2025-08-11 12:00:12,115,78,229,0.3,0.1,0.9,27.2,28.9,56.9,924.1,0.0,0.0,0.0,28.8,12.2
2025-08-11 12:01:11,115,78,229,0.3,0.1,0.9,27.2,28.9,57.7,924.0,0.0,0.0,0.0,28.8,12.2
2025-08-11 12:01:12,115,78,229,0.3,0.1,0.9,27.2,28.9,57.7,924.0,0.0,0.0,0.0,28.8,12.2
2025-08-11 12:02:11,115,78,229,0.3,0.1,0.9,27.2,28.8,58.2,924.0,0.0,0.0,0.0,28.8,12.2
2025-08-11 12:02:12,115,78,229,0.3,0.1,0.9,27.2,28.8,58.2,924.0,0.0,0.0,0.0,28.8,12.2
2025-08-11 12:03:11,115,78,229,0.3,0.1,0.9,27.1,28.7,58.9,924.0,0.0,0.0,0.0,28.5,12.2
2025-08-11 12:03:12,115,78,229,0.3,0.1,0.9,27.1,28.7,58.9,924.0,0.0,0.0,0.0,28.5,12.2
2025-08-11 12:04:11,115,78,229,0.3,0.1,0.9,27.1,28.6,59.2,924.0,0.0,0.0,0.0,28.7,12.2
2025-08-11 12:04:12,115,78,229,0.3,0.1,0.9,27.1,28.6,59.2,924.0,0.0,0.0,0.0,28.7,12.2
2025-08-11 12:05:11,115,78,229,0.3,0.1,0.9,27.1,28.6,59.5,924.0,0.0,0.0,0.0,28.5,12.2
2025-08-11 12:05:12,115,78,229,0.3,0.1,0.9,27.1,28.6,59.5,924.0,0.0,0.0,0.0,28.5,12.2
2025-08-11 12:06:11,115,78,229,0.3,0.1,0.9,27.1,28.6,59.5,923.9000000000001,0.0,0.0,0.0,28.7,12.2
2025-08-11 12:06:12,115,78,229,0.3,0.1,0.9,27.1,28.6,59.5,923.9000000000001,0.0,0.0,0.0,28.7,12.2
2025-08-11 12:07:11,115,78,229,0.3,0.1,0.9,27.1,28.5,59.8,923.9000000000001,0.0,0.0,0.0,28.5,12.2
2025-08-11 12:07:12,115,78,229,0.3,0.1,0.9,27.1,28.5,59.8,923.9000000000001,0.0,0.0,0.0,28.5,12.2
2025-08-11 12:08:11,115,78,229,0.3,0.1,0.9,27.0,28.5,59.4,923.9000000000001,0.0,0.0,0.0,28.3,12.2
2025-08-11 12:08:12,115,78,229,0.3,0.1,0.9,27.0,28.5,59.4,923.9000000000001,0.0,0.0,0.0,28.3,12.2
2025-08-11 12:09:11,115,78,229,0.3,0.1,0.9,27.0,28.4,59.5,923.9000000000001,0.0,0.0,0.0,28.5,12.2
2025-08-11 12:09:12,115,78,229,0.3,0.1,0.9,27.0,28.4,59.5,923.9000000000001,0.0,0.0,0.0,28.5,12.2
2025-08-11 12:10:11,115,78,229,0.3,0.1,0.9,27.0,28.4,60.0,923.9000000000001,0.0,0.0,0.0,28.5,12.2
2025-08-11 12:10:12,115,78,229,0.3,0.1,0.9,27.0,28.4,60.0,923.9000000000001,0.0,0.0,0.0,28.5,12.2
2025-08-11 12:12:11,115,78,229,0.3,0.1,0.9,27.0,28.3,60.4,923.9000000000001,0.0,0.0,0.0,28.3,12.2
2025-08-11 12:12:12,115,78,229,0.3,0.1,0.9,27.0,28.3,60.4,923.9000000000001,0.0,0.0,0.0,28.3,12.2
2025-08-11 12:13:11,115,78,229,0.3,0.1,0.9,27.0,28.3,60.0,923.9000000000001,0.0,0.0,0.0,28.1,12.2
2025-08-11 12:13:12,115,78,229,0.3,0.1,0.9,27.0,28.3,60.0,923.9000000000001,0.0,0.0,0.0,28.1,12.2
2025-08-11 12:14:11,115,78,229,0.3,0.1,0.9,27.0,28.3,60.5,923.9000000000001,0.0,0.0,0.0,28.1,12.2
2025-08-11 12:14:12,115,78,229,0.3,0.1,0.9,27.0,28.3,60.5,923.9000000000001,0.0,0.0,0.0,28.1,12.2
2025-08-11 12:15:11,115,78,229,0.3,0.1,0.9,26.9,28.3,60.5,923.9000000000001,0.0,0.0,0.0,28.0,12.2
2025-08-11 12:15:12,115,78,229,0.3,0.1,0.9,26.9,28.3,60.5,923.9000000000001,0.0,0.0,0.0,28.0,12.2
2025-08-11 12:16:11,115,78,229,0.3,0.1,0.9,26.9,28.2,60.9,923.8,0.0,0.0,0.0,28.0,12.2
2025-08-11 12:16:13,115,78,229,0.3,0.1,0.9,26.9,28.2,60.9,923.8,0.0,0.0,0.0,28.0,12.2
2025-08-11 12:17:11,115,78,229,0.3,0.1,0.9,26.9,28.2,60.0,923.9000000000001,0.0,0.0,0.0,28.0,12.2
2025-08-11 12:17:12,115,78,229,0.3,0.1,0.9,26.9,28.2,60.0,923.9000000000001,0.0,0.0,0.0,28.0,12.2
2025-08-11 12:18:11,115,78,229,0.3,0.1,0.9,26.9,28.2,60.4,923.8,0.0,0.0,0.0,27.8,12.2
2025-08-11 12:18:12,115,78,229,0.3,0.1,0.9,26.9,28.2,60.4,923.8,0.0,0.0,0.0,27.8,12.2
2025-08-11 12:19:11,115,78,229,0.3,0.1,0.9,26.9,28.2,59.7,923.8,0.0,0.0,0.0,27.8,12.2
2025-08-11 12:19:13,115,78,229,0.3,0.1,0.9,26.9,28.2,59.7,923.8,0.0,0.0,0.0,27.8,12.2
2025-08-11 12:20:11,115,78,229,0.3,0.1,0.9,27.0,28.2,60.2,923.8,0.0,0.0,0.0,27.8,12.2
2025-08-11 12:20:13,115,78,229,0.3,0.1,0.9,27.0,28.2,60.2,923.8,0.0,0.0,0.0,27.8,12.2
2025-08-11 12:21:11,115,78,229,0.3,0.1,0.9,27.0,28.2,60.4,923.8,0.0,0.0,0.0,27.8,12.2
2025-08-11 12:21:13,115,78,229,0.3,0.1,0.9,27.0,28.2,60.4,923.8,0.0,0.0,0.0,27.8,12.2
2025-08-11 12:22:11,115,78,229,0.3,0.1,0.9,27.0,28.2,60.3,923.8,0.0,0.0,0.0,27.8,12.2
2025-08-11 12:22:13,115,78,229,0.3,0.1,0.9,27.0,28.2,60.3,923.8,0.0,0.0,0.0,27.8,12.2
2025-08-11 12:23:11,115,78,229,0.3,0.1,0.9,26.9,28.1,60.7,923.8,0.0,0.0,0.0,27.8,12.2
2025-08-11 12:23:13,115,78,229,0.3,0.1,0.9,26.9,28.1,60.7,923.8,0.0,0.0,0.0,27.8,12.2
2025-08-11 12:24:11,115,78,229,0.3,0.1,0.9,27.0,28.1,61.0,923.8,0.0,0.0,0.0,27.8,12.2
2025-08-11 12:24:13,115,78,229,0.3,0.1,0.9,27.0,28.1,61.0,923.8,0.0,0.0,0.0,27.8,12.2
2025-08-11 12:25:11,115,78,229,0.3,0.1,0.9,27.0,28.1,61.2,923.8,0.0,0.0,0.0,28.3,12.2
2025-08-11 12:25:13,115,78,229,0.3,0.1,0.9,27.0,28.1,61.2,923.8,0.0,0.0,0.0,28.3,12.2
2025-08-11 12:26:11,115,78,229,0.3,0.1,0.9,27.1,28.1,61.6,923.8,0.0,0.0,0.0,27.8,12.2
2025-08-11 12:26:13,115,78,229,0.3,0.1,0.9,27.1,28.1,61.6,923.8,0.0,0.0,0.0,27.8,12.2
2025-08-11 12:27:11,115,78,229,0.3,0.1,0.9,27.1,28.2,60.3,923.8,0.0,0.0,0.0,27.6,12.2
2025-08-11 12:27:13,115,78,229,0.3,0.1,0.9,27.1,28.2,60.3,923.8,0.0,0.0,0.0,27.6,12.2
2025-08-11 12:28:11,115,78,229,0.3,0.1,0.9,27.1,28.2,59.9,923.8,0.0,0.0,0.0,27.8,12.2
2025-08-11 12:28:13,115,78,229,0.3,0.1,0.9,27.1,28.2,59.9,923.8,0.0,0.0,0.0,27.8,12.2
2025-08-11 12:29:11,115,78,229,0.3,0.1,0.9,27.0,28.2,60.9,923.8,0.0,0.0,0.0,27.8,12.2
2025-08-11 12:29:13,115,78,229,0.3,0.1,0.9,27.0,28.2,60.9,923.8,0.0,0.0,0.0,27.8,12.2
2025-08-11 12:30:11,115,78,229,0.3,0.1,0.9,27.0,28.2,60.3,923.8,0.0,0.0,0.0,27.6,12.2
2025-08-11 12:30:13,115,78,229,0.3,0.1,0.9,27.0,28.2,60.3,923.8,0.0,0.0,0.0,27.6,12.2
2025-08-11 12:31:11,115,78,229,0.3,0.1,0.9,26.9,28.1,60.8,923.8,0.0,0.0,0.0,27.5,12.1
2025-08-11 12:31:13,115,78,229,0.3,0.1,0.9,26.9,28.1,60.8,923.8,0.0,0.0,0.0,27.5,12.1
2025-08-11 12:32:11,115,78,229,0.3,0.1,0.9,26.8,28.0,60.7,923.8,0.0,0.0,0.0,27.6,12.2
2025-08-11 12:32:13,115,78,229,0.3,0.1,0.9,26.8,28.0,60.7,923.8,0.0,0.0,0.0,27.6,12.2
2025-08-11 12:33:11,115,78,229,0.3,0.1,0.9,26.8,28.0,60.8,923.9000000000001,0.0,0.0,0.0,27.3,12.2
2025-08-11 12:33:13,115,78,229,0.3,0.1,0.9,26.8,28.0,60.8,923.9000000000001,0.0,0.0,0.0,27.3,12.2
2025-08-11 12:34:11,115,78,229,0.3,0.1,0.9,26.8,27.9,61.1,923.9000000000001,0.0,0.0,0.0,27.1,12.2
2025-08-11 12:34:13,115,78,229,0.3,0.1,0.9,26.8,27.9,61.1,923.9000000000001,0.0,0.0,0.0,27.1,12.2
2025-08-11 12:35:11,115,78,229,0.3,0.1,0.9,26.7,27.9,61.3,923.9000000000001,0.0,0.0,0.0,27.3,12.2
2025-08-11 12:35:13,115,78,229,0.3,0.1,0.9,26.7,27.9,61.3,923.9000000000001,0.0,0.0,0.0,27.3,12.2
2025-08-11 12:36:11,115,78,229,0.3,0.1,0.9,26.7,27.8,61.1,923.8,0.0,0.0,0.0,27.3,12.2
2025-08-11 12:36:13,115,78,229,0.3,0.1,0.9,26.7,27.8,61.1,923.8,0.0,0.0,0.0,27.3,12.2
2025-08-11 12:37:11,115,78,229,0.3,0.1,0.9,26.7,27.8,60.1,923.8,0.0,0.0,0.0,27.6,12.2
2025-08-11 12:37:13,115,78,229,0.3,0.1,0.9,26.7,27.8,60.1,923.8,0.0,0.0,0.0,27.6,12.2
2025-08-11 12:38:11,115,78,229,0.3,0.1,0.9,26.7,27.8,59.3,923.8,0.0,0.0,0.0,27.3,12.3
2025-08-11 12:38:13,115,78,229,0.3,0.1,0.9,26.7,27.8,59.3,923.8,0.0,0.0,0.0,27.3,12.3
2025-08-11 12:39:11,115,78,229,0.3,0.1,0.9,26.7,27.8,59.3,923.8,0.0,0.0,0.0,27.1,12.3
2025-08-11 12:39:13,115,78,229,0.3,0.1,0.9,26.7,27.8,59.3,923.8,0.0,0.0,0.0,27.1,12.3
2025-08-11 12:40:11,115,78,229,0.3,0.1,0.9,26.6,27.8,59.8,923.8,0.0,0.0,0.0,26.9,12.2
2025-08-11 12:40:13,115,78,229,0.3,0.1,0.9,26.6,27.8,59.8,923.8,0.0,0.0,0.0,26.9,12.2
2025-08-11 12:41:11,115,78,229,0.3,0.1,0.9,26.6,27.7,60.2,923.6999999999999,0.0,0.0,0.0,26.9,12.2
2025-08-11 12:41:13,115,78,229,0.3,0.1,0.9,26.6,27.7,60.2,923.6999999999999,0.0,0.0,0.0,26.9,12.2
2025-08-11 12:42:11,115,78,229,0.3,0.1,0.9,26.5,27.7,59.1,923.6999999999999,0.0,0.0,0.0,26.8,12.3
2025-08-11 12:42:13,115,78,229,0.3,0.1,0.9,26.5,27.7,59.1,923.6999999999999,0.0,0.0,0.0,26.8,12.3
2025-08-11 12:43:11,115,78,229,0.3,0.1,0.9,26.4,27.6,59.4,923.6999999999999,0.0,0.0,0.0,26.6,12.3
2025-08-11 12:43:13,115,78,229,0.3,0.1,0.9,26.4,27.6,59.4,923.6999999999999,0.0,0.0,0.0,26.6,12.3
2025-08-11 12:44:11,115,78,229,0.3,0.1,0.9,26.4,27.5,58.9,923.6999999999999,0.0,0.0,0.0,26.8,12.2
2025-08-11 12:44:13,115,78,229,0.3,0.1,0.9,26.4,27.5,58.9,923.6999999999999,0.0,0.0,0.0,26.8,12.2
2025-08-11 12:45:11,115,78,229,0.3,0.1,0.9,26.3,27.4,58.9,923.6,0.0,0.0,0.0,26.3,12.3
2025-08-11 12:45:13,115,78,229,0.3,0.1,0.9,26.3,27.4,58.9,923.6,0.0,0.0,0.0,26.3,12.3
2025-08-11 12:46:11,115,78,229,0.3,0.1,0.9,26.3,27.3,58.4,923.6,0.0,0.0,0.0,26.1,12.3
2025-08-11 12:46:13,115,78,229,0.3,0.1,0.9,26.3,27.3,58.4,923.6,0.0,0.0,0.0,26.1,12.3
2025-08-11 12:47:11,115,78,229,0.3,0.1,0.9,26.2,27.2,58.5,923.6,0.0,0.0,0.0,26.1,12.2
2025-08-11 12:47:13,115,78,229,0.3,0.1,0.9,26.2,27.2,58.5,923.6,0.0,0.0,0.0,26.1,12.2
2025-08-11 12:48:11,115,78,229,0.3,0.1,0.9,26.2,27.1,58.5,923.5,0.0,0.0,0.0,25.9,12.3
2025-08-11 12:48:13,115,78,229,0.3,0.1,0.9,26.2,27.1,58.5,923.5,0.0,0.0,0.0,25.9,12.3
2025-08-11 12:49:11,115,78,229,0.3,0.1,0.9,26.1,27.1,58.7,923.5,0.0,0.0,0.0,25.7,12.3
2025-08-11 12:49:13,115,78,229,0.3,0.1,0.9,26.1,27.1,58.7,923.5,0.0,0.0,0.0,25.7,12.3
2025-08-11 12:50:11,115,78,229,0.3,0.1,0.9,26.1,27.0,58.5,923.5,0.0,0.0,0.0,25.7,12.3
2025-08-11 12:50:13,115,78,229,0.3,0.1,0.9,26.1,27.0,58.5,923.5,0.0,0.0,0.0,25.7,12.3
2025-08-11 12:51:11,115,78,229,0.3,0.1,0.9,26.1,26.9,58.5,923.5,0.0,0.0,0.0,25.4,12.2
2025-08-11 12:51:13,115,78,229,0.3,0.1,0.9,26.1,26.9,58.5,923.5,0.0,0.0,0.0,25.4,12.2
2025-08-11 12:52:11,115,78,229,0.3,0.1,0.9,26.1,26.9,59.1,923.5,0.0,0.0,0.0,25.6,12.3
2025-08-11 12:52:13,115,78,229,0.3,0.1,0.9,26.1,26.9,59.1,923.5,0.0,0.0,0.0,25.6,12.3
2025-08-11 12:53:11,115,78,229,0.3,0.1,0.9,26.1,26.9,59.2,923.5,0.0,0.0,0.0,25.6,12.2
2025-08-11 12:53:13,115,78,229,0.3,0.1,0.9,26.1,26.9,59.2,923.5,0.0,0.0,0.0,25.6,12.2
2025-08-11 12:54:11,115,78,229,0.3,0.1,0.9,26.1,26.8,58.8,923.4,0.0,0.0,0.0,25.6,12.3
2025-08-11 12:54:13,115,78,229,0.3,0.1,0.9,26.1,26.8,58.8,923.4,0.0,0.0,0.0,25.6,12.3
2025-08-11 12:55:11,115,78,229,0.3,0.1,0.9,26.1,26.8,59.2,923.4,0.0,0.0,0.0,25.4,12.3
2025-08-11 12:55:13,115,78,229,0.3,0.1,0.9,26.1,26.8,59.2,923.4,0.0,0.0,0.0,25.4,12.3
2025-08-11 12:56:11,115,78,229,0.3,0.1,0.9,26.1,26.8,59.6,923.4,0.0,0.0,0.0,25.6,12.3
2025-08-11 12:56:13,115,78,229,0.3,0.1,0.9,26.1,26.8,59.6,923.4,0.0,0.0,0.0,25.6,12.3
2025-08-11 12:57:11,115,78,229,0.3,0.1,0.9,26.2,26.8,59.4,923.3,0.0,0.0,0.0,25.6,12.2
2025-08-11 12:57:13,115,78,229,0.3,0.1,0.9,26.2,26.8,59.4,923.3,0.0,0.0,0.0,25.6,12.2
2025-08-11 12:58:11,115,78,229,0.3,0.1,0.9,26.2,26.9,57.5,923.2,0.0,0.0,0.0,25.6,12.3
2025-08-11 12:58:13,115,78,229,0.3,0.1,0.9,26.2,26.9,57.5,923.2,0.0,0.0,0.0,25.6,12.3
2025-08-11 12:59:11,115,78,229,0.3,0.1,0.9,26.2,26.9,58.2,923.3,0.0,0.0,0.0,25.7,12.3
2025-08-11 12:59:13,115,78,229,0.3,0.1,0.9,26.2,26.9,58.2,923.3,0.0,0.0,0.0,25.7,12.3
2025-08-11 13:00:11,115,78,229,0.3,0.1,0.9,26.2,26.9,58.3,923.3,0.0,0.0,0.0,25.9,12.3
2025-08-11 13:00:13,115,78,229,0.3,0.1,0.9,26.2,26.9,58.3,923.3,0.0,0.0,0.0,25.9,12.3
2025-08-11 13:01:11,115,78,229,0.3,0.1,0.9,26.3,26.9,58.2,923.3,0.0,0.0,0.0,25.9,12.2
2025-08-11 13:01:13,115,78,229,0.3,0.1,0.9,26.3,26.9,58.2,923.3,0.0,0.0,0.0,25.9,12.2
2025-08-11 13:02:11,115,78,229,0.3,0.1,0.9,26.3,26.9,58.7,923.2,0.0,0.0,0.0,26.1,12.3
2025-08-11 13:02:13,115,78,229,0.3,0.1,0.9,26.3,26.9,58.7,923.2,0.0,0.0,0.0,26.1,12.3
2025-08-11 13:03:11,115,78,229,0.3,0.1,0.9,26.3,27.0,58.6,923.2,0.0,0.0,0.0,26.1,12.3
2025-08-11 13:03:13,115,78,229,0.3,0.1,0.9,26.3,27.0,58.6,923.2,0.0,0.0,0.0,26.1,12.3
2025-08-11 13:04:11,115,78,229,0.3,0.1,0.9,26.4,27.0,57.8,923.2,0.0,0.0,0.0,26.1,12.3
2025-08-11 13:04:13,115,78,229,0.3,0.1,0.9,26.4,27.0,57.8,923.2,0.0,0.0,0.0,26.1,12.3
2025-08-11 13:05:11,115,78,229,0.3,0.1,0.9,26.4,27.1,58.0,923.1,0.0,0.0,0.0,26.3,12.3
2025-08-11 13:05:13,115,78,229,0.3,0.1,0.9,26.4,27.1,58.0,923.1,0.0,0.0,0.0,26.3,12.3
2025-08-11 13:06:11,115,78,229,0.3,0.1,0.9,26.4,27.1,57.5,923.1,0.0,0.0,0.0,26.4,12.3
2025-08-11 13:06:13,115,78,229,0.3,0.1,0.9,26.4,27.1,57.5,923.1,0.0,0.0,0.0,26.4,12.3
2025-08-11 13:07:11,115,78,229,0.3,0.1,0.9,26.4,27.2,58.2,923.1,0.0,0.0,0.0,26.3,12.3
2025-08-11 13:07:13,115,78,229,0.3,0.1,0.9,26.4,27.2,58.2,923.1,0.0,0.0,0.0,26.3,12.3
2025-08-11 13:08:11,115,78,229,0.3,0.1,0.9,26.4,27.2,56.8,923.0,0.0,0.0,0.0,26.4,12.3
2025-08-11 13:08:13,115,78,229,0.3,0.1,0.9,26.4,27.2,56.8,923.0,0.0,0.0,0.0,26.4,12.3
2025-08-11 13:09:11,115,78,229,0.3,0.1,0.9,26.5,27.2,55.9,923.0,0.0,0.0,0.0,26.4,12.3
2025-08-11 13:09:13,115,78,229,0.3,0.1,0.9,26.5,27.2,55.9,923.0,0.0,0.0,0.0,26.4,12.3
2025-08-11 13:10:11,115,78,229,0.3,0.1,0.9,26.5,27.2,56.0,923.0,0.0,0.0,0.0,26.4,12.3
2025-08-11 13:10:13,115,78,229,0.3,0.1,0.9,26.5,27.2,56.0,923.0,0.0,0.0,0.0,26.4,12.3
2025-08-11 13:11:11,115,78,229,0.3,0.1,0.9,26.5,27.2,56.4,923.1,0.0,0.0,0.0,26.6,12.3
2025-08-11 13:11:13,115,78,229,0.3,0.1,0.9,26.5,27.2,56.4,923.1,0.0,0.0,0.0,26.6,12.3
2025-08-11 13:12:11,115,78,229,0.3,0.1,0.9,26.4,27.3,56.8,923.1,0.0,0.0,0.0,26.4,12.3
2025-08-11 13:12:13,115,78,229,0.3,0.1,0.9,26.4,27.3,56.8,923.1,0.0,0.0,0.0,26.4,12.3
2025-08-11 13:14:11,115,78,229,0.3,0.1,0.9,26.4,27.3,56.5,923.1,0.0,0.0,0.0,26.3,12.3
2025-08-11 13:14:13,115,78,229,0.3,0.1,0.9,26.4,27.3,56.5,923.1,0.0,0.0,0.0,26.3,12.3
2025-08-27 22:14:36,115,78,229,0.3,0.1,0.9,23.2,23.7,80.2,922.6999999999999,0.0,0.0,0.0,21.3,12.3
2025-08-27 22:14:37,115,78,229,0.3,0.1,0.9,23.2,23.7,80.2,922.6999999999999,0.0,0.0,0.0,21.3,12.3
2025-08-27 22:15:59,74,342,184,1.8,0.6,4.4,22.8,23.2,70.4,925.8,0.0,0.0,0.0,21.5,12.3
2025-08-27 22:16:00,74,342,184,1.8,0.6,4.4,22.8,23.2,70.4,925.8,0.0,0.0,0.0,21.5,12.3
2025-08-27 22:16:59,74,342,184,1.8,0.6,4.4,22.9,23.2,70.5,925.8,0.0,0.0,0.0,21.1,12.3
2025-08-27 22:17:00,74,342,184,1.8,0.6,4.4,22.9,23.2,70.5,925.8,0.0,0.0,0.0,21.1,12.3
2025-08-27 22:19:19,74,342,184,1.8,0.6,4.4,22.9,23.2,70.7,925.8,0.0,0.0,0.0,21.1,12.3
2025-08-27 22:19:19,74,342,184,1.8,0.6,4.4,22.9,23.2,70.7,925.8,0.0,0.0,0.0,21.1,12.3
2025-08-27 22:20:00,74,342,184,1.8,0.6,4.4,22.9,23.2,71.0,925.8,0.0,0.0,0.0,21.0,12.2
2025-08-27 22:20:00,74,342,184,1.8,0.6,4.4,22.9,23.2,71.0,925.8,0.0,0.0,0.0,21.0,12.2
2025-08-27 22:20:59,74,342,184,1.8,0.6,4.4,22.9,23.2,71.1,925.8,0.0,0.0,0.0,21.3,12.3
2025-08-27 22:20:59,74,342,184,1.8,0.6,4.4,22.9,23.2,71.1,925.8,0.0,0.0,0.0,21.3,12.3
2025-08-27 22:21:59,74,342,184,1.8,0.6,4.4,22.8,23.2,70.7,925.8,0.0,0.0,0.0,21.1,12.3
2025-08-27 22:21:59,74,342,184,1.8,0.6,4.4,22.8,23.2,70.7,925.8,0.0,0.0,0.0,21.1,12.3
2025-08-27 22:22:59,74,342,184,1.8,0.6,4.4,22.8,23.2,70.8,925.8,0.0,0.0,0.0,21.1,12.3
2025-08-27 22:22:59,74,342,184,1.8,0.6,4.4,22.8,23.2,70.8,925.8,0.0,0.0,0.0,21.1,12.3
2025-08-27 22:25:09,74,342,184,1.8,0.6,4.4,22.8,23.2,70.7,925.8,0.0,0.0,0.0,21.1,12.3
2025-08-27 22:25:10,74,342,184,1.8,0.6,4.4,22.8,23.2,70.7,925.8,0.0,0.0,0.0,21.1,12.3
2025-08-28 16:02:30,74,342,184,1.8,0.6,4.4,27.8,28.7,50.0,922.6,0.0,0.0,0.0,27.6,12.2
2025-08-28 16:02:33,74,342,184,1.8,0.6,4.4,27.8,28.7,50.0,922.6,0.0,0.0,0.0,27.6,12.2
2025-08-28 16:02:57,74,342,184,1.8,0.6,4.4,27.8,28.7,50.1,922.6,0.0,0.0,0.0,27.6,12.2
2025-08-28 16:02:59,74,342,184,1.8,0.6,4.4,27.8,28.7,50.1,922.6,0.0,0.0,0.0,27.6,12.2
2025-08-28 16:03:57,74,342,184,1.8,0.6,4.4,27.7,28.7,50.5,922.6,0.0,0.0,0.0,27.5,12.2
2025-08-28 16:03:59,74,342,184,1.8,0.6,4.4,27.7,28.7,50.5,922.6,0.0,0.0,0.0,27.5,12.2
2025-08-28 16:04:58,74,342,184,1.8,0.6,4.4,27.6,28.6,50.0,922.6,0.0,0.0,0.0,27.6,12.2
2025-08-28 16:05:00,74,342,184,1.8,0.6,4.4,27.6,28.6,50.0,922.6,0.0,0.0,0.0,27.6,12.2
2025-08-28 16:06:15,74,342,184,1.8,0.6,4.4,27.6,28.6,50.6,922.6,0.0,0.0,0.0,27.5,12.2
2025-08-28 16:06:16,74,342,184,1.8,0.6,4.4,27.6,28.6,50.6,922.6,0.0,0.0,0.0,27.5,12.2
2025-08-28 16:07:05,74,342,184,1.8,0.6,4.4,27.5,28.5,50.7,922.6,0.0,0.0,0.0,27.3,12.2
2025-08-28 16:07:05,74,342,184,1.8,0.6,4.4,27.5,28.5,50.7,922.6,0.0,0.0,0.0,27.3,12.2
2025-08-28 16:07:59,74,342,184,1.8,0.6,4.4,27.5,28.5,51.4,922.6,0.0,0.0,0.0,27.1,12.2
2025-08-28 16:08:00,74,342,184,1.8,0.6,4.4,27.5,28.5,51.4,922.6,0.0,0.0,0.0,27.1,12.2
2025-08-28 16:08:59,74,342,184,1.8,0.6,4.4,27.5,28.5,51.0,922.6,0.0,0.0,0.0,27.1,12.2
2025-08-28 16:09:00,74,342,184,1.8,0.6,4.4,27.5,28.5,51.0,922.6,0.0,0.0,0.0,27.1,12.2
2025-08-28 16:09:59,74,342,184,1.8,0.6,4.4,27.5,28.4,52.8,922.6,0.0,0.0,0.0,27.1,12.2
2025-08-28 16:10:00,74,342,184,1.8,0.6,4.4,27.5,28.4,52.8,922.6,0.0,0.0,0.0,27.1,12.2
2025-08-28 16:10:59,74,342,184,1.8,0.6,4.4,27.4,28.4,52.0,922.6,0.0,0.0,0.0,27.1,12.2
2025-08-28 16:11:00,74,342,184,1.8,0.6,4.4,27.4,28.4,52.0,922.6,0.0,0.0,0.0,27.1,12.2
2025-08-28 16:11:59,74,342,184,1.8,0.6,4.4,27.4,28.3,52.0,922.6,0.0,0.0,0.0,26.9,12.2
2025-08-28 16:12:00,74,342,184,1.8,0.6,4.4,27.4,28.3,52.0,922.6,0.0,0.0,0.0,26.9,12.2
2025-08-28 16:12:59,74,342,184,1.8,0.6,4.4,27.4,28.3,52.4,922.6999999999999,0.0,0.0,0.0,27.1,12.2
2025-08-28 16:13:00,74,342,184,1.8,0.6,4.4,27.4,28.3,52.4,922.6999999999999,0.0,0.0,0.0,27.1,12.2
2025-08-28 16:13:59,74,342,184,1.8,0.6,4.4,27.3,28.2,52.0,922.6999999999999,0.0,0.0,0.0,26.9,12.2
2025-08-28 16:14:00,74,342,184,1.8,0.6,4.4,27.3,28.2,52.0,922.6999999999999,0.0,0.0,0.0,26.9,12.2
2025-08-28 16:14:59,74,342,184,1.8,0.6,4.4,27.3,28.2,52.3,922.6,0.0,0.0,0.0,26.9,12.2
2025-08-28 16:15:00,74,342,184,1.8,0.6,4.4,27.3,28.2,52.3,922.6,0.0,0.0,0.0,26.9,12.2
2025-08-28 16:15:59,74,342,184,1.8,0.6,4.4,27.3,28.1,53.0,922.6999999999999,0.0,0.0,0.0,26.8,12.2
2025-08-28 16:16:00,74,342,184,1.8,0.6,4.4,27.3,28.1,53.0,922.6999999999999,0.0,0.0,0.0,26.8,12.2
2025-08-28 16:16:59,74,342,184,1.8,0.6,4.4,27.2,28.1,52.8,922.6999999999999,0.0,0.0,0.0,26.6,12.2
2025-08-28 16:17:00,74,342,184,1.8,0.6,4.4,27.2,28.1,52.8,922.6999999999999,0.0,0.0,0.0,26.6,12.2
2025-08-28 16:18:00,74,342,184,1.8,0.6,4.4,27.2,28.0,52.6,922.6999999999999,0.0,0.0,0.0,26.8,12.3
2025-08-28 16:18:00,74,342,184,1.8,0.6,4.4,27.2,28.0,52.6,922.6999999999999,0.0,0.0,0.0,26.8,12.3
2025-08-28 16:18:59,74,342,184,1.8,0.6,4.4,27.2,28.0,52.8,922.6999999999999,0.0,0.0,0.0,26.6,12.3
2025-08-28 16:19:00,74,342,184,1.8,0.6,4.4,27.2,28.0,52.8,922.6999999999999,0.0,0.0,0.0,26.6,12.3
2025-08-28 16:19:59,74,342,184,1.8,0.6,4.4,27.2,28.0,53.8,922.6999999999999,0.0,0.0,0.0,26.6,12.1
2025-08-28 16:20:00,74,342,184,1.8,0.6,4.4,27.2,28.0,53.8,922.6999999999999,0.0,0.0,0.0,26.6,12.1
2025-08-28 16:21:00,74,342,184,1.8,0.6,4.4,27.1,27.9,53.7,922.6999999999999,0.0,0.0,0.0,26.6,12.3
2025-08-28 16:21:00,74,342,184,1.8,0.6,4.4,27.1,27.9,53.7,922.6999999999999,0.0,0.0,0.0,26.6,12.3
2025-08-28 16:22:00,74,342,184,1.8,0.6,4.4,27.1,27.9,54.1,922.6,0.0,0.0,0.0,26.6,12.3
2025-08-28 16:22:00,74,342,184,1.8,0.6,4.4,27.1,27.9,54.1,922.6,0.0,0.0,0.0,26.6,12.3
2025-08-28 16:23:01,74,342,184,1.8,0.6,4.4,27.0,27.8,55.3,922.6999999999999,0.0,0.0,0.0,26.4,12.3
2025-08-28 16:23:01,74,342,184,1.8,0.6,4.4,27.0,27.8,55.3,922.6999999999999,0.0,0.0,0.0,26.4,12.3
2025-08-28 16:24:00,74,342,184,1.8,0.6,4.4,26.9,27.8,54.6,922.6999999999999,0.0,0.0,0.0,26.6,12.3
2025-08-28 16:24:00,74,342,184,1.8,0.6,4.4,26.9,27.8,54.6,922.6999999999999,0.0,0.0,0.0,26.6,12.3
2025-08-28 16:25:00,74,342,184,1.8,0.6,4.4,26.9,27.7,54.8,922.6999999999999,0.0,0.0,0.0,26.4,12.3
2025-08-28 16:25:00,74,342,184,1.8,0.6,4.4,26.9,27.7,54.8,922.6999999999999,0.0,0.0,0.0,26.4,12.3
2025-08-28 16:26:00,74,342,184,1.8,0.6,4.4,26.9,27.7,55.5,922.6999999999999,0.0,0.0,0.0,26.1,12.3
2025-08-28 16:26:00,74,342,184,1.8,0.6,4.4,26.9,27.7,55.5,922.6999999999999,0.0,0.0,0.0,26.1,12.3
2025-08-28 16:27:00,74,342,184,1.8,0.6,4.4,26.9,27.7,55.4,922.6999999999999,0.0,0.0,0.0,26.1,12.1
2025-08-28 16:27:00,74,342,184,1.8,0.6,4.4,26.9,27.7,55.4,922.6999999999999,0.0,0.0,0.0,26.1,12.1
2025-08-28 16:28:00,74,342,184,1.8,0.6,4.4,26.9,27.6,55.5,922.6999999999999,0.0,0.0,0.0,26.1,12.3
2025-08-28 16:28:00,74,342,184,1.8,0.6,4.4,26.9,27.6,55.5,922.6999999999999,0.0,0.0,0.0,26.1,12.3
2025-08-28 16:29:00,74,342,184,1.8,0.6,4.4,26.9,27.6,55.8,922.6999999999999,0.0,0.0,0.0,26.3,12.3
2025-08-28 16:29:00,74,342,184,1.8,0.6,4.4,26.9,27.6,55.8,922.6999999999999,0.0,0.0,0.0,26.3,12.3
2025-08-28 16:30:00,74,342,184,1.8,0.6,4.4,26.9,27.6,55.8,922.6999999999999,0.0,0.0,0.0,26.3,12.1
2025-08-28 16:30:00,74,342,184,1.8,0.6,4.4,26.9,27.6,55.8,922.6999999999999,0.0,0.0,0.0,26.3,12.1
2025-08-28 16:31:00,74,342,184,1.8,0.6,4.4,26.8,27.6,56.0,922.6999999999999,0.0,0.0,0.0,26.3,12.3
2025-08-28 16:31:00,74,342,184,1.8,0.6,4.4,26.8,27.6,56.0,922.6999999999999,0.0,0.0,0.0,26.3,12.3
2025-08-28 16:32:00,74,342,184,1.8,0.6,4.4,26.8,27.6,56.2,922.6999999999999,0.0,0.0,0.0,26.1,12.3
2025-08-28 16:32:00,74,342,184,1.8,0.6,4.4,26.8,27.6,56.2,922.6999999999999,0.0,0.0,0.0,26.1,12.3
2025-08-28 16:33:00,74,342,184,1.8,0.6,4.4,26.8,27.5,56.3,922.6999999999999,0.0,0.0,0.0,26.3,12.3
2025-08-28 16:33:01,74,342,184,1.8,0.6,4.4,26.8,27.5,56.3,922.6999999999999,0.0,0.0,0.0,26.3,12.3
2025-08-28 16:34:00,74,342,184,1.8,0.6,4.4,26.8,27.5,56.5,922.6999999999999,0.0,0.0,0.0,26.1,12.3
2025-08-28 16:34:00,74,342,184,1.8,0.6,4.4,26.8,27.5,56.5,922.6999999999999,0.0,0.0,0.0,26.1,12.3
2025-08-28 16:35:00,74,342,184,1.8,0.6,4.4,26.8,27.5,56.7,922.6999999999999,0.0,0.0,0.0,25.9,12.3
2025-08-28 16:35:00,74,342,184,1.8,0.6,4.4,26.8,27.5,56.7,922.6999999999999,0.0,0.0,0.0,25.9,12.3
2025-08-28 16:36:00,74,342,184,1.8,0.6,4.4,26.7,27.4,57.1,922.8,0.0,0.0,0.0,26.1,12.3
2025-08-28 16:36:00,74,342,184,1.8,0.6,4.4,26.7,27.4,57.1,922.8,0.0,0.0,0.0,26.1,12.3
2025-08-28 16:37:00,74,342,184,1.8,0.6,4.4,26.7,27.4,57.3,922.8,0.0,0.0,0.0,26.1,12.2
2025-08-28 16:37:00,74,342,184,1.8,0.6,4.4,26.7,27.4,57.3,922.8,0.0,0.0,0.0,26.1,12.2
2025-08-28 16:38:00,74,342,184,1.8,0.6,4.4,26.6,27.4,57.5,922.6999999999999,0.0,0.0,0.0,25.9,12.3
2025-08-28 16:38:00,74,342,184,1.8,0.6,4.4,26.6,27.4,57.5,922.6999999999999,0.0,0.0,0.0,25.9,12.3
2025-08-28 16:39:00,74,342,184,1.8,0.6,4.4,26.6,27.3,57.9,922.8,0.0,0.0,0.0,25.9,12.3
2025-08-28 16:39:00,74,342,184,1.8,0.6,4.4,26.6,27.3,57.9,922.8,0.0,0.0,0.0,25.9,12.3
2025-08-28 16:40:00,74,342,184,1.8,0.6,4.4,26.5,27.3,58.3,922.8,0.0,0.0,0.0,26.1,12.3
2025-08-28 16:40:00,74,342,184,1.8,0.6,4.4,26.5,27.3,58.3,922.8,0.0,0.0,0.0,26.1,12.3
2025-08-28 16:41:00,74,342,184,1.8,0.6,4.4,26.5,27.3,58.3,922.8,0.0,0.0,0.0,25.7,12.2
2025-08-28 16:41:00,74,342,184,1.8,0.6,4.4,26.5,27.3,58.3,922.8,0.0,0.0,0.0,25.7,12.2
2025-08-28 16:42:00,74,342,184,1.8,0.6,4.4,26.5,27.3,58.7,922.8,0.0,0.0,0.0,25.7,12.3
2025-08-28 16:42:00,74,342,184,1.8,0.6,4.4,26.5,27.3,58.7,922.8,0.0,0.0,0.0,25.7,12.3
2025-08-28 16:43:01,74,342,184,1.8,0.6,4.4,26.5,27.2,59.8,922.9000000000001,0.0,0.0,0.0,26.1,12.3
2025-08-28 16:43:01,74,342,184,1.8,0.6,4.4,26.5,27.2,59.8,922.9000000000001,0.0,0.0,0.0,26.1,12.3
2025-08-28 16:44:00,74,342,184,1.8,0.6,4.4,26.4,27.2,58.5,922.9000000000001,0.0,0.0,0.0,25.6,12.3
2025-08-28 16:44:00,74,342,184,1.8,0.6,4.4,26.4,27.2,58.5,922.9000000000001,0.0,0.0,0.0,25.6,12.3
2025-08-28 16:45:00,74,342,184,1.8,0.6,4.4,26.4,27.1,58.7,922.9000000000001,0.0,0.0,0.0,25.6,12.3
2025-08-28 16:45:00,74,342,184,1.8,0.6,4.4,26.4,27.1,58.7,922.9000000000001,0.0,0.0,0.0,25.6,12.3
2025-08-28 16:46:00,74,342,184,1.8,0.6,4.4,26.4,27.1,59.8,922.9000000000001,0.0,0.0,0.0,25.6,12.3
2025-08-28 16:46:00,74,342,184,1.8,0.6,4.4,26.4,27.1,59.8,922.9000000000001,0.0,0.0,0.0,25.6,12.3
2025-08-28 16:47:00,74,342,184,1.8,0.6,4.4,26.3,27.1,59.4,922.9000000000001,0.0,0.0,0.0,25.6,12.3
2025-08-28 16:47:00,74,342,184,1.8,0.6,4.4,26.3,27.1,59.4,922.9000000000001,0.0,0.0,0.0,25.6,12.3
2025-08-28 16:48:00,74,342,184,1.8,0.6,4.4,26.3,27.0,59.5,922.9000000000001,0.0,0.0,0.0,25.4,12.2
2025-08-28 16:48:00,74,342,184,1.8,0.6,4.4,26.3,27.0,59.5,922.9000000000001,0.0,0.0,0.0,25.4,12.2
2025-08-28 16:49:00,74,342,184,1.8,0.6,4.4,26.3,27.0,59.7,922.9000000000001,0.0,0.0,0.0,25.4,12.3
2025-08-28 16:49:00,74,342,184,1.8,0.6,4.4,26.3,27.0,59.7,922.9000000000001,0.0,0.0,0.0,25.4,12.3
2025-08-28 16:52:00,74,342,184,1.8,0.6,4.4,26.3,27.0,59.7,922.9000000000001,0.0,0.0,0.0,25.4,12.3
2025-08-28 16:52:00,74,342,184,1.8,0.6,4.4,26.3,27.0,59.7,922.9000000000001,0.0,0.0,0.0,25.4,12.3
2025-08-28 16:53:00,74,342,184,1.8,0.6,4.4,26.1,26.8,59.4,922.9000000000001,0.0,0.0,0.0,25.2,12.3
2025-08-28 16:53:00,74,342,184,1.8,0.6,4.4,26.1,26.8,59.4,922.9000000000001,0.0,0.0,0.0,25.2,12.3
2025-08-28 16:56:00,74,342,184,1.8,0.6,4.4,26.1,26.8,59.4,922.9000000000001,0.0,0.0,0.0,25.2,12.3
2025-08-28 16:56:05,74,342,184,1.8,0.6,4.4,26.1,26.8,59.4,922.9000000000001,0.0,0.0,0.0,25.2,12.3
2025-08-28 16:59:00,74,342,184,1.8,0.6,4.4,26.1,26.8,59.4,922.9000000000001,0.0,0.0,0.0,25.2,12.3
2025-08-28 16:59:10,74,342,184,1.8,0.6,4.4,26.1,26.8,59.4,922.9000000000001,0.0,0.0,0.0,25.2,12.3
2025-08-28 17:02:01,74,342,184,1.8,0.6,4.4,26.1,26.8,59.4,922.9000000000001,0.0,0.0,0.0,25.2,12.3
2025-08-28 17:02:15,74,342,184,1.8,0.6,4.4,26.1,26.8,59.4,922.9000000000001,0.0,0.0,0.0,25.2,12.3
2025-08-28 17:05:01,74,342,184,1.8,0.6,4.4,26.1,26.8,59.4,922.9000000000001,0.0,0.0,0.0,25.2,12.3
2025-08-28 17:05:20,74,342,184,1.8,0.6,4.4,26.1,26.8,59.4,922.9000000000001,0.0,0.0,0.0,25.2,12.3
2025-08-28 17:08:01,74,342,184,1.8,0.6,4.4,26.1,26.8,59.4,922.9000000000001,0.0,0.0,0.0,25.2,12.3
2025-08-28 17:08:20,74,342,184,1.8,0.6,4.4,26.1,26.8,59.4,922.9000000000001,0.0,0.0,0.0,25.2,12.3
2025-08-28 17:11:06,74,342,184,1.8,0.6,4.4,26.1,26.8,59.4,922.9000000000001,0.0,0.0,0.0,25.2,12.3
2025-08-28 17:11:25,74,342,184,1.8,0.6,4.4,26.1,26.8,59.4,922.9000000000001,0.0,0.0,0.0,25.2,12.3
2025-08-28 17:14:06,74,342,184,1.8,0.6,4.4,26.1,26.8,59.4,922.9000000000001,0.0,0.0,0.0,25.2,12.3
2025-08-28 17:14:26,74,342,184,1.8,0.6,4.4,26.1,26.8,59.4,922.9000000000001,0.0,0.0,0.0,25.2,12.3
2025-09-04 09:51:40,74,342,184,1.8,0.6,4.4,26.1,26.8,59.4,922.9000000000001,0.0,0.0,0.0,25.2,12.3
2025-09-04 09:51:41,74,342,184,1.8,0.6,4.4,26.1,26.8,59.4,922.9000000000001,0.0,0.0,0.0,25.2,12.3
2025-09-04 09:54:40,74,342,184,1.8,0.6,4.4,26.1,26.8,59.4,922.9000000000001,0.0,0.0,0.0,25.2,12.3
2025-09-04 09:54:42,74,342,184,1.8,0.6,4.4,26.1,26.8,59.4,922.9000000000001,0.0,0.0,0.0,25.2,12.3
2025-09-04 09:57:42,74,342,184,1.8,0.6,4.4,26.1,26.8,59.4,922.9000000000001,0.0,0.0,0.0,25.2,12.3
2025-09-04 09:57:45,74,342,184,1.8,0.6,4.4,26.1,26.8,59.4,922.9000000000001,0.0,0.0,0.0,25.2,12.3
2025-09-04 09:59:42,74,342,184,1.8,0.6,4.4,26.1,26.8,59.4,922.9000000000001,0.0,0.0,0.0,25.2,12.3
2025-09-04 10:01:18,74,342,184,1.8,0.6,4.4,26.1,26.8,59.4,922.9000000000001,0.0,0.0,0.0,25.2,12.3
2025-09-04 10:04:19,74,342,184,1.8,0.6,4.4,26.1,26.8,59.4,922.9000000000001,0.0,0.0,0.0,25.2,12.3
2025-09-04 10:07:19,74,342,184,1.8,0.6,4.4,26.1,26.8,59.4,922.9000000000001,0.0,0.0,0.0,25.2,12.3
2025-09-04 10:10:19,74,342,184,1.8,0.6,4.4,26.1,26.8,59.4,922.9000000000001,0.0,0.0,0.0,25.2,12.3
2025-09-04 10:13:19,74,342,184,1.8,0.6,4.4,26.1,26.8,59.4,922.9000000000001,0.0,0.0,0.0,25.2,12.3
2025-09-04 10:16:19,74,342,184,1.8,0.6,4.4,26.1,26.8,59.4,922.9000000000001,0.0,0.0,0.0,25.2,12.3
2025-09-04 10:19:24,74,342,184,1.8,0.6,4.4,26.1,26.8,59.4,922.9000000000001,0.0,0.0,0.0,25.2,12.3
2025-09-04 10:22:29,74,342,184,1.8,0.6,4.4,26.1,26.8,59.4,922.9000000000001,0.0,0.0,0.0,25.2,12.3
2025-09-04 10:25:29,74,342,184,1.8,0.6,4.4,26.1,26.8,59.4,922.9000000000001,0.0,0.0,0.0,25.2,12.3
2025-09-04 10:38:27,74,342,184,1.8,0.6,4.4,26.1,26.8,59.4,922.9000000000001,0.0,0.0,0.0,25.2,12.3
2025-09-04 10:41:32,74,342,184,1.8,0.6,4.4,26.1,26.8,59.4,922.9000000000001,0.0,0.0,0.0,25.2,12.3
2025-09-04 10:44:37,74,342,184,1.8,0.6,4.4,26.1,26.8,59.4,922.9000000000001,0.0,0.0,0.0,25.2,12.3
2025-09-04 10:47:42,74,342,184,1.8,0.6,4.4,26.1,26.8,59.4,922.9000000000001,0.0,0.0,0.0,25.2,12.3
2025-09-04 10:50:43,74,342,184,1.8,0.6,4.4,26.1,26.8,59.4,922.9000000000001,0.0,0.0,0.0,25.2,12.3
2025-09-04 11:07:14,99,303,222,1.1,0.1,2.6,27.3,30.1,47.5,923.5,0.0,0.0,0.0,33.6,12.3
2025-09-04 11:10:14,99,303,222,1.1,0.1,2.6,27.3,30.1,47.5,923.5,0.0,0.0,0.0,33.6,12.3
2025-09-04 11:13:14,99,303,222,1.1,0.1,2.6,27.3,30.1,47.5,923.5,0.0,0.0,0.0,33.6,12.3
2025-09-04 11:16:15,99,303,222,1.1,0.1,2.6,27.3,30.1,47.5,923.5,0.0,0.0,0.0,33.6,12.3
2025-09-04 11:17:00,72,285,255,0.8,0.0,2.1,28.7,31.6,43.2,923.1,0.0,0.0,0.0,36.2,12.3
2025-09-04 11:24:38,72,285,255,0.8,0.0,2.1,28.7,31.6,43.2,923.1,0.0,0.0,0.0,36.2,12.3
2025-09-04 11:27:38,72,285,255,0.8,0.0,2.1,28.7,31.6,43.2,923.1,0.0,0.0,0.0,36.2,12.3
2025-09-04 11:30:43,72,285,255,0.8,0.0,2.1,28.7,31.6,43.2,923.1,0.0,0.0,0.0,36.2,12.3
2025-09-04 11:32:03,123,260,243,1.3,0.0,2.9,28.1,31.2,45.2,922.8,0.0,0.0,0.0,34.8,12.3
2025-09-04 11:35:03,123,260,243,1.3,0.0,2.9,28.1,31.2,45.2,922.8,0.0,0.0,0.0,34.8,12.3
2025-09-04 11:38:08,123,260,243,1.3,0.0,2.9,28.1,31.2,45.2,922.8,0.0,0.0,0.0,34.8,12.3
2025-09-04 11:41:08,123,260,243,1.3,0.0,2.9,28.1,31.2,45.2,922.8,0.0,0.0,0.0,34.8,12.3
2025-09-04 11:44:13,123,260,243,1.3,0.0,2.9,28.1,31.2,45.2,922.8,0.0,0.0,0.0,34.8,12.3
2025-09-04 11:47:03,80,309,298,1.2,0.0,3.2,28.4,31.2,45.2,922.8,0.0,0.0,0.0,34.5,12.3
2025-09-04 11:50:03,80,309,298,1.2,0.0,3.2,28.4,31.2,45.2,922.8,0.0,0.0,0.0,34.5,12.3
2025-09-04 11:53:03,80,309,298,1.2,0.0,3.2,28.4,31.2,45.2,922.8,0.0,0.0,0.0,34.5,12.3
2025-09-04 11:56:04,80,309,298,1.2,0.0,3.2,28.4,31.2,45.2,922.8,0.0,0.0,0.0,34.5,12.3
2025-09-04 11:59:04,80,309,298,1.2,0.0,3.2,28.4,31.2,45.2,922.8,0.0,0.0,0.0,34.5,12.3
2025-09-04 12:02:04,27,278,191,1.1,0.0,2.6,29.2,31.9,42.4,922.6999999999999,0.0,0.0,0.0,35.5,12.3
2025-09-04 12:05:04,27,278,191,1.1,0.0,2.6,29.2,31.9,42.4,922.6999999999999,0.0,0.0,0.0,35.5,12.3
2025-09-04 12:08:04,27,278,191,1.1,0.0,2.6,29.2,31.9,42.4,922.6999999999999,0.0,0.0,0.0,35.5,12.3
2025-09-04 12:11:04,27,278,191,1.1,0.0,2.6,29.2,31.9,42.4,922.6999999999999,0.0,0.0,0.0,35.5,12.3
2025-09-04 12:14:05,27,278,191,1.1,0.0,2.6,29.2,31.9,42.4,922.6999999999999,0.0,0.0,0.0,35.5,12.3
2025-09-04 12:17:00,339,213,201,1.1,0.0,2.5,30.0,32.5,42.1,922.4,0.0,0.0,0.0,35.7,12.3
2025-09-04 12:20:00,339,213,201,1.1,0.0,2.5,30.0,32.5,42.1,922.4,0.0,0.0,0.0,35.7,12.3
2025-09-04 12:23:00,339,213,201,1.1,0.0,2.5,30.0,32.5,42.1,922.4,0.0,0.0,0.0,35.7,12.3
2025-09-05 20:41:31,339,213,201,1.1,0.0,2.5,30.0,32.5,42.1,922.4,0.0,0.0,0.0,35.7,12.3
2025-09-05 20:42:23,339,213,201,1.1,0.0,2.5,30.0,32.5,42.1,922.4,0.0,0.0,0.0,35.7,12.3
2025-09-05 20:45:23,339,213,201,1.1,0.0,2.5,30.0,32.5,42.1,922.4,0.0,0.0,0.0,35.7,12.3
2025-09-05 20:47:03,240,52,4,1.0,0.1,2.3,23.1,23.2,75.8,924.6999999999999,0.0,0.0,0.0,22.2,12.3
2025-09-07 21:36:31,240,52,4,1.0,0.1,2.3,23.1,23.2,75.8,924.6999999999999,0.0,0.0,0.0,22.2,12.3
2025-09-07 21:39:31,240,52,4,1.0,0.1,2.3,23.1,23.2,75.8,924.6999999999999,0.0,0.0,0.0,22.2,12.3
2025-09-07 21:40:41,240,52,4,1.0,0.1,2.3,23.1,23.2,75.8,924.6999999999999,0.0,0.0,0.0,22.2,12.3
2025-09-07 21:43:42,240,52,4,1.0,0.1,2.3,23.1,23.2,75.8,924.6999999999999,0.0,0.0,0.0,22.2,12.3
2025-09-07 21:46:43,240,52,4,1.0,0.1,2.3,23.1,23.2,75.8,924.6999999999999,0.0,0.0,0.0,22.2,12.3
2025-09-07 21:49:43,240,52,4,1.0,0.1,2.3,23.1,23.2,75.8,924.6999999999999,0.0,0.0,0.0,22.2,12.3
2025-09-07 21:52:43,240,52,4,1.0,0.1,2.3,23.1,23.2,75.8,924.6999999999999,0.0,0.0,0.0,22.2,12.3
2025-09-07 21:52:56,240,52,4,1.0,0.1,2.3,23.1,23.2,75.8,924.6999999999999,0.0,0.0,0.0,22.2,12.3
2025-09-07 21:57:41,240,52,4,1.0,0.1,2.3,23.1,23.2,75.8,924.6999999999999,0.0,0.0,0.0,22.2,12.3
2025-09-07 22:00:41,240,52,4,1.0,0.1,2.3,23.1,23.2,75.8,924.6999999999999,0.0,0.0,0.0,22.2,12.3
2025-09-07 22:02:01,11,200,161,0.7,0.0,1.5,21.1,21.0,84.0,926.5,0.0,0.0,0.0,19.9,12.2
